post_id,post_title,subscriber_count,created_utc,is_video,post_score,over_18,author,comment_count
19ab6dx,How true is this thing of getting ‚Äúblacklisted‚Äù for wrong titles on resumes?,185915,2024-01-19 05:04:06,False,53,False,gotchabiash,74
oyju56,DataEngineering 2021 in one pic,185915,2021-08-05 14:46:15,False,610,False,Legitimate-Cry2837,53
1cu0zg1,DataEngineering Modeling questions,185915,2024-05-17 09:26:17,False,8,False,ut0mt8,7
17i4cb6,AI in dataengineering,185915,2023-10-28 02:48:02,False,2,False,RogerRockzz,11
18e0pb4,/r/dataengineering discussing Snowpipe,10743,2023-12-09 00:13:32,False,2,False,fhoffa,0
18jb2ze,Databricks for non dataengineers,185915,2023-12-15 21:41:57,False,4,False,SuperLucas2000,6
1aj60ic,https://dataengineering.ph/,706,2024-02-05 02:46:32,False,3,False,saintmichel,0
zebb3o,The most shared resources from r/dataengineering,185915,2022-12-06 16:38:45,False,177,False,flpezet,22
1ctzzba,How is your job hunt  for datascience/dataengineer roles ?,666054,2024-05-17 08:11:01,False,2,False,Left_Tip_7300,2
12kpq9i,DataEngineering --&gt; DataOps,185915,2023-04-13 13:44:43,False,1,False,Striking_Athlete5685,8
178kn9w,r/dataengineering_EU Lounge,3,2023-10-15 17:42:40,False,2,False,crazy_shredder,1
17vpmnj,DataEngineering with ChatGPT,185915,2023-11-15 09:01:35,False,1,False,beyondwu,0
15ub0px,Can we get rid of r/dataengineer ?,185915,2023-08-18 05:12:21,False,3,False,grahamdietz,5
1489hc9,why r/dataengineering disappear,667,2023-06-13 07:35:59,False,1,False,datapopcorn,4
1c8kjkz,Want to data career shift? Go to https://dataengineering.ph/,706,2024-04-20 08:00:35,False,9,False,saintmichel,0
1cg9ee8,"/r/dataengineering on ""Why do companies use Snowflake if it is that expensive as people say?""",10743,2024-04-29 20:24:49,False,14,False,fhoffa,13
14jqhz3,Azure DataEngineering track.,43871,2023-06-26 19:20:55,False,1,False,YOLO1675,1
138o36n,r/dataengineering + freddie mercury,185915,2023-05-05 14:12:41,True,46,False,MooJerseyCreamery,4
zgtrnk,"Dates are hard‚Äîwe can relate to that, can't we r/dataengineering?",185915,2022-12-09 10:38:02,False,111,False,rmoff,30
1ck3mm5,"Diverse Lynx is hiring Azure DataEngineer | [New York, NY] [API AWS Microservices Azure]",43,2024-05-04 16:00:48,False,1,False,Strong_Tell499,0
1axkkib,/r/dataengineering discussing ways to CDC from Aurora MySQL to Snowflakce,10743,2024-02-22 22:59:40,False,2,False,fhoffa,0
18qt1to,üì¢ Grid Dynamics is hiring a DataEngineering Lead/Architect!,7765,2023-12-25 22:45:18,False,1,False,rrmdp,0
113es0m,r/dataengineer_hub Lounge,3,2023-02-16 01:45:11,False,1,False,dataguy-,0
114iuun,Sagemaker for production services? xpost from r/aws and r/dataengineering,325570,2023-02-17 12:09:30,False,3,False,tech_tuna,12
14663ur,r/dataengineering will be joining the blackout from June 12-14 to protest the proposed API changes which will end 3rd party apps.,185915,2023-06-10 17:34:04,False,292,False,AutoModerator,21
10c6ysz,Xpost from r/dataengineering,315,2023-01-15 01:36:38,False,1,False,Magicdinmyasshole,0
mvdteu,/r/dataengineering hit 30k subscribers yesterday,185915,2021-04-21 11:41:22,False,138,False,TrendingB0T,4
vprsrg,"Inspired by r/dataengineering, here's what's on a ML Engineer's playlist",12569,2022-07-02 13:27:26,False,20,False,Captain_Flashheart,7
res007,r/dataengineer Lounge,667,2021-12-12 16:05:39,False,3,False,randomusicjunkie,7
xfsezc,"/r/dataengineering discussing ""What makes Snowflake different?""",10743,2022-09-16 14:12:13,False,11,False,fhoffa,0
vs2vlr,DataEngineering Interview at EasyGenerator,185915,2022-07-05 17:11:14,False,0,False,whatever_u,3
z8qeth,A thread on H-1B over at r/dataengineering,44851,2022-11-30 12:36:43,False,9,False,OneStoneTwoMangoes,1
p60evc,https://np.reddit.com/r/dataengineering/comments/p5w7xl/serverless_dataengineering_pipeline_suggestions/h99q86w/,234,2021-08-17 09:32:47,False,1,False,backtickbot,0
18wcuyv,"Grid Dynamics is hiring DataEngineering Lead/Architect | Hyderabad, India India [Kafka Redis Streaming AWS GCP Azure Spark Cassandra MongoDB R]",2086,2024-01-02 01:31:22,False,1,False,EchoJobs,0
pbh1qu,#dataengineer #sql #python #homeoffice #datascience,405,2021-08-25 18:19:59,False,2,False,EstrategiaH,0
nh90nh,Guide me on Pyspark and Python : Dataengineer,185915,2021-05-20 19:21:47,False,7,False,theant97,14
18wcuc8,"Grid Dynamics is hiring DataEngineering Lead/Architect | Hyderabad, India India [Kafka Redis Streaming AWS GCP Azure Spark Cassandra MongoDB R]",692,2024-01-02 01:30:35,False,1,False,EchoJobs,0
18qtyrk,"Grid Dynamics is hiring DataEngineering Lead/Architect | Hyderabad, India India [GCP Azure Streaming Kafka R AWS Spark Redis Cassandra MongoDB]",776,2023-12-25 23:30:38,False,1,False,EchoJobs,0
18qtymk,"Grid Dynamics is hiring DataEngineering Lead/Architect | Hyderabad, India India [GCP Azure Streaming Kafka R AWS Spark Redis Cassandra MongoDB]",692,2023-12-25 23:30:27,False,1,False,EchoJobs,0
xwgkil,Ask dataengineering: Does anyone do orchestration with Github Actions on production?,185915,2022-10-05 17:20:21,False,3,False,BufferUnderpants,4
1bt7iv2,Monthly General Discussion - Apr 2024,185915,2024-04-01 16:00:34,False,11,False,AutoModerator,49
v6sv06,What is the 'Bible' of Data Science?,1675628,2022-06-07 11:24:22,False,762,False,manurbs,192
18wcuie,"Grid Dynamics is hiring DataEngineering Lead/Architect | Hyderabad, India India [Kafka Redis Streaming AWS GCP Azure Spark Cassandra MongoDB R]",776,2024-01-02 01:30:47,False,1,False,EchoJobs,0
18qtz8j,"Grid Dynamics is hiring DataEngineering Lead/Architect | Hyderabad, India India [GCP Azure Streaming Kafka R AWS Spark Redis Cassandra MongoDB]",2086,2023-12-25 23:31:16,False,1,False,EchoJobs,0
l83yjo,#dataengineer,0,2021-01-29 20:56:41,False,1,False,AbsoluteInfoTech,0
10qtvrc,I'm a bird engineer.,3673400,2023-02-01 12:46:40,False,12986,False,m3nation007,276
mxk8w4,What do you come to r/dataengineering for?,185915,2021-04-24 13:43:37,False,10,False,theporterhaus,10
jdp74r,/r/dataengineering hit 20k subscribers yesterday,185915,2020-10-18 21:55:13,False,71,False,TrendingB0T,1
pbgz1f,#dataengineer #sql #python #homeoffice #datascience,710,2021-08-25 18:16:09,False,2,False,EstrategiaH,0
xvrkan,"/r/dataengineering poll on ""What data lake/warehouse do you use?""",10743,2022-10-04 21:40:12,False,5,False,fhoffa,0
